{
  "employees" : [
    { "name": "Lina Lloyd", "email": "nijna@wimfeccev.bv", "contact": "6733954218", "depName": "Calling" },
    { "name": "Blanche Baker", "email": "ojair@pimufocuk.zw", "contact": "5461441599", "depName": "Calling" },
    { "name": "Jeanette Rose", "email": "poorure@injohu.io", "contact": "6956244618", "depName": "Calling" },
    { "name": "Marvin Maldonado", "email": "nu@zidoor.fo", "contact": "7269705925", "depName": "Calling" },
    { "name": "Nicholas Olson", "email": "ocakezoj@cet.sh", "contact": "4936579624", "depName": "Calling" },
    { "name": "Cornelia Drake", "email": "wu@eba.mo", "contact": "4858832913", "depName": "Calling" },
    { "name": "Nettie Allen", "email": "nu@papuk.edu", "contact": "1133306855", "depName": "Calling" },
    { "name": "Dollie Stokes", "email": "hisaf@gihijuwa.mp", "contact": "311116110", "depName": "Calling" },
    { "name": "Grace Robertson", "email": "meveva@elfej.sz", "contact": "475405137", "depName": "Calling" },
    { "name": "Evan Weaver", "email": "robol@ukihogon.tc", "contact": "2633522576", "depName": "Calling" },
    { "name": "Edgar Sparks", "email": "fejhovbet@op.mo", "contact": "8453065541", "depName": "Calling" },
    { "name": "Ann Woods", "email": "tewbi@cavkam.id", "contact": "4198602116", "depName": "Calling" },
    { "name": "Sophie Palmer", "email": "meadfe@pob.bg", "contact": "7772546166", "depName": "Calling" },
    { "name": "Mary Martin", "email": "sut@ri.sz", "contact": "6332970024", "depName": "Calling" },
    { "name": "Alberta Warner", "email": "monukik@nehuc.sa", "contact": "65269975", "depName": "Calling" },
    { "name": "Joseph Alvarez", "email": "rani@uho.nf", "contact": "525355201", "depName": "Calling" },
    { "name": "Mary Shaw", "email": "imeeke@lowa.ke", "contact": "6494411912", "depName": "Calling" },
    { "name": "Marvin Nash", "email": "ri@gus.gn", "contact": "9886725717", "depName": "Calling" },
    { "name": "Viola Snyder", "email": "ja@zehcob.com", "contact": "7589135433", "depName": "Calling" },
    { "name": "Catherine Huff", "email": "fotvo@geovesam.jm", "contact": "5776614700", "depName": "Calling" },
    { "name": "Bradley Paul", "email": "cagpeh@hirguej.zm", "contact": "8106802839", "depName": "Calling" },
    { "name": "Warren Daniels", "email": "be@zigeeze.fi", "contact": "6540939407", "depName": "Calling" },
    { "name": "Shane Tyler", "email": "balwinap@bug.es", "contact": "2855349988", "depName": "Calling" },
    { "name": "Miguel Gordon", "email": "luw@gebadus.pw", "contact": "3669382054", "depName": "Calling" },
    { "name": "Ophelia Santiago", "email": "mo@hutu.cx", "contact": "9229912043", "depName": "Calling" },
    { "name": "Eugenia Vargas", "email": "so@zo.cc", "contact": "936584093", "depName": "Calling" },
    { "name": "Gavin Soto", "email": "igaipnah@peposfok.sh", "contact": "7937955681", "depName": "Calling" },
    { "name": "John Chavez", "email": "vuduw@borep.ax", "contact": "7640352428", "depName": "Calling" },
    { "name": "Cynthia Barker", "email": "vuzanow@fe.mg", "contact": "8936356424", "depName": "Calling" },
    { "name": "Matilda McGee", "email": "kug@takkivcum.pa", "contact": "7658508233", "depName": "Calling" },
    { "name": "Mario Day", "email": "ra@wifuzpe.do", "contact": "6374719250", "depName": "Calling" },
    { "name": "Lizzie Shaw", "email": "muhel@wewu.va", "contact": "9283187463", "depName": "Calling" },
    { "name": "Rebecca Osborne", "email": "utfe@diodav.pa", "contact": "2165102059", "depName": "Calling" },
    { "name": "Tyler Wilson", "email": "zuvjuhjam@sed.br", "contact": "5419130509", "depName": "Calling" },
    { "name": "Kathryn Robbins", "email": "lunco@canel.sa", "contact": "5339098819", "depName": "Calling" },
    { "name": "Nathaniel Gonzalez", "email": "pizudgo@usiida.aq", "contact": "2687960111", "depName": "Calling" },
    { "name": "Trevor Gill", "email": "piuvsod@walbulet.io", "contact": "2974285909", "depName": "Calling" },
    { "name": "Clyde Woods", "email": "wuec@ifini.gy", "contact": "2782523017", "depName": "Calling" },
    { "name": "Ralph Powers", "email": "kog@sezot.bh", "contact": "3075606694", "depName": "Calling" },
    { "name": "Timothy Gutierrez", "email": "ke@nut.tw", "contact": "2123111695", "depName": "Calling" },
    { "name": "Jacob Vargas", "email": "caje@ahigi.tj", "contact": "7450974958", "depName": "Calling" },
    { "name": "Henrietta Holland", "email": "bikzat@hapwa.tl", "contact": "5438168775", "depName": "Calling" },
    { "name": "Mamie Phelps", "email": "zadkodni@odaces.ai", "contact": "7983846084", "depName": "Calling" },
    { "name": "Victoria Torres", "email": "it@iftehu.ne", "contact": "8163683318", "depName": "Calling" },
    { "name": "Christopher Yates", "email": "meesefib@ef.ms", "contact": "7724987058", "depName": "Calling" },
    { "name": "Randy Barton", "email": "feec@lohesled.cg", "contact": "3000788381", "depName": "Calling" },
    { "name": "Jose Norris", "email": "jauziwi@la.td", "contact": "6067714998", "depName": "Calling" },
    { "name": "Lucile Lindsey", "email": "cigol@jueb.ls", "contact": "2519041062", "depName": "Calling" },
    { "name": "Jeremy Lloyd", "email": "popuwef@lemlugud.ee", "contact": "9645907208", "depName": "Calling" },
    { "name": "Eddie Allison", "email": "mejjuduk@as.ai", "contact": "7964266282", "depName": "Calling" },
    { "name": "Gregory Harmon", "email": "esesagnek@losgikup.io", "contact": "28479793", "depName": "Calling" },
    { "name": "Alta Elliott", "email": "cad@zelov.il", "contact": "4786193580", "depName": "Calling" },
    { "name": "Inez Santiago", "email": "ihoge@riis.kz", "contact": "8582922476", "depName": "Calling" },
    { "name": "Mabelle Shaw", "email": "gasrejwen@cod.lt", "contact": "5333474308", "depName": "Calling" },
    { "name": "Clarence Christensen", "email": "ap@kuggesu.it", "contact": "2480290182", "depName": "Calling" },
    { "name": "James Dunn", "email": "ruukasaz@gewma.lc", "contact": "9751962318", "depName": "Calling" },
    { "name": "Kevin Riley", "email": "vamur@dad.ga", "contact": "9854447217", "depName": "Calling" },
    { "name": "Benjamin Webster", "email": "teh@gu.mc", "contact": "9786371863", "depName": "Calling" },
    { "name": "Victoria Clayton", "email": "gebu@lura.wf", "contact": "5854817887", "depName": "Calling" },
    { "name": "Allen Mann", "email": "eg@gelnat.dj", "contact": "6276659346", "depName": "Calling" },
    { "name": "Melvin Lane", "email": "kuw@aho.bm", "contact": "3177423093", "depName": "Calling" },
    { "name": "Dominic Roberson", "email": "voruup@hok.ax", "contact": "8329720236", "depName": "Calling" },
    { "name": "Kathryn Green", "email": "hemvalub@kimwe.ao", "contact": "4722651771", "depName": "Calling" },
    { "name": "Don Harmon", "email": "ufruezo@kedih.ca", "contact": "2773396051", "depName": "Calling" },
    { "name": "Bradley Patterson", "email": "sabojsat@biw.io", "contact": "89718673", "depName": "Calling" },
    { "name": "Eugene Black", "email": "sag@kejheewo.va", "contact": "4558288461", "depName": "Calling" },
    { "name": "Ethel Banks", "email": "re@jemi.mp", "contact": "1013729879", "depName": "Calling" },
    { "name": "Samuel Rogers", "email": "gav@sablam.bw", "contact": "1344173725", "depName": "Calling" },
    { "name": "Mabel Hill", "email": "johit@arajogag.ve", "contact": "5010388719", "depName": "Calling" },
    { "name": "Sally Richards", "email": "bal@ubi.py", "contact": "834129452", "depName": "Calling" },
    { "name": "Patrick Hanson", "email": "lamse@isi.cz", "contact": "2134297250", "depName": "Calling" },
    { "name": "Maria Welch", "email": "lat@dopgefbe.pw", "contact": "9194589299", "depName": "Calling" },
    { "name": "Henrietta Barnes", "email": "usoagi@itaizbek.tr", "contact": "4606744514", "depName": "Calling" },
    { "name": "Roy Francis", "email": "defel@tinumuj.gd", "contact": "3557815595", "depName": "Calling" },
    { "name": "Maria Butler", "email": "voceuni@bu.by", "contact": "3079412791", "depName": "Calling" },
    { "name": "Milton Taylor", "email": "cuwmara@woas.gs", "contact": "149239711", "depName": "Calling" },
    { "name": "Roy Elliott", "email": "zalsehuk@feoziri.bt", "contact": "5053004089", "depName": "Calling" },
    { "name": "Micheal Patrick", "email": "dijmipo@mafava.fj", "contact": "9470515574", "depName": "Calling" },
    { "name": "Cory McCoy", "email": "goda@latufpel.ae", "contact": "6828918980", "depName": "Calling" },
    { "name": "Dennis Castillo", "email": "gulsu@gaes.gm", "contact": "861119986", "depName": "Calling" },
    { "name": "Luis Olson", "email": "jaha@muenota.ag", "contact": "2654592106", "depName": "Calling" },
    { "name": "Ruby Waters", "email": "wawkoc@ajsir.vg", "contact": "3614257008", "depName": "Calling" },
    { "name": "Amelia Park", "email": "vuzmamte@voduk.ba", "contact": "4002670024", "depName": "Calling" },
    { "name": "Mittie Hubbard", "email": "sodli@abu.mr", "contact": "6408643852", "depName": "Calling" },
    { "name": "Lelia Thornton", "email": "liwuc@atnu.tc", "contact": "3638673904", "depName": "Calling" },
    { "name": "Lillie Harvey", "email": "segabek@hor.tg", "contact": "76667743", "depName": "Calling" },
    { "name": "Derek Mason", "email": "ic@nabjuzvo.fm", "contact": "7488643920", "depName": "Calling" },
    { "name": "Hilda Hubbard", "email": "fesehe@dukhe.je", "contact": "1504485968", "depName": "Calling" },
    { "name": "Earl Nelson", "email": "zujelo@nuj.pe", "contact": "8611611737", "depName": "Calling" },
    { "name": "Ella Blake", "email": "athi@sipihev.gg", "contact": "7735001188", "depName": "Calling" },
    { "name": "Helena Pearson", "email": "jabfelbog@follotaj.nl", "contact": "2162106956", "depName": "Calling" },
    { "name": "Lenora Blair", "email": "ibi@jezzoc.in", "contact": "2661742346", "depName": "Calling" },
    { "name": "Della Franklin", "email": "riwej@vahiva.br", "contact": "4383251795", "depName": "Calling" },
    { "name": "Jean Young", "email": "zapavic@wucu.mm", "contact": "8102728098", "depName": "Calling" },
    { "name": "Tony Gomez", "email": "acoron@kalwu.co", "contact": "4574332176", "depName": "Calling" },
    { "name": "Lucille Lane", "email": "cabe@ja.vn", "contact": "7386058566", "depName": "Calling" },
    { "name": "Tyler Leonard", "email": "jortidcip@vivul.qa", "contact": "211608835", "depName": "Calling" },
    { "name": "Carrie Luna", "email": "wulwug@ufubobo.tn", "contact": "1414422162", "depName": "Calling" },
    { "name": "Evan Marshall", "email": "uteucuali@vazfofu.lv", "contact": "5719196782", "depName": "Calling" },
    { "name": "Randall Schwartz", "email": "tire@mibub.ax", "contact": "1995326783", "depName": "Calling" }

  ]
}